{"cameraMode":{"drawMode":0,"name":"Shaded","section":"Shading Mode"},"sceneLighting":false,"audioPlay":false,"sceneViewState":{"showFog":true,"showMaterialUpdate":false,"showSkybox":false,"showFlares":true,"showImageEffects":true,"showParticleSystems":true},"in2DMode":false,"pivot":{"x":0.1669023036956787,"y":1.446603536605835,"z":-13.525547981262207},"rotation":{"x":0.30969181656837466,"y":-0.37982481718063357,"z":0.13663381338119508,"w":0.8609037399291992},"size":8.336980819702149,"orthographic":false}