{"cameraMode":{"drawMode":0,"name":"Shaded","section":"Shading Mode"},"sceneLighting":false,"audioPlay":false,"sceneViewState":{"showFog":true,"showMaterialUpdate":false,"showSkybox":false,"showFlares":true,"showImageEffects":true,"showParticleSystems":true},"in2DMode":false,"pivot":{"x":2.743828773498535,"y":12.915061950683594,"z":-17.670499801635743},"rotation":{"x":-0.011676246300339699,"y":0.04402653127908707,"z":0.000514363229740411,"w":0.9989620447158814},"size":17.60711097717285,"orthographic":false}