{"cameraMode":{"drawMode":0,"name":"Shaded","section":"Shading Mode"},"sceneLighting":true,"audioPlay":false,"sceneViewState":{"showFog":true,"showMaterialUpdate":false,"showSkybox":true,"showFlares":true,"showImageEffects":true,"showParticleSystems":true},"in2DMode":false,"pivot":{"x":3.9741759300231935,"y":-12.203741073608399,"z":47.65784454345703},"rotation":{"x":0.3016859292984009,"y":-0.10502783209085465,"z":0.03345741704106331,"w":0.9470139741897583},"size":31.675004959106447,"orthographic":false}