{"cameraMode":{"drawMode":0,"name":"Shaded","section":"Shading Mode"},"sceneLighting":false,"audioPlay":false,"sceneViewState":{"showFog":true,"showMaterialUpdate":false,"showSkybox":false,"showFlares":true,"showImageEffects":true,"showParticleSystems":true},"in2DMode":false,"pivot":{"x":-97.86245727539063,"y":37.43437194824219,"z":-94.09547424316406},"rotation":{"x":0.1385662704706192,"y":-0.2648693323135376,"z":0.03849140927195549,"w":0.9534999132156372},"size":4.440352439880371,"orthographic":false}