{"cameraMode":{"drawMode":0,"name":"Shaded","section":"Shading Mode"},"sceneLighting":false,"audioPlay":false,"sceneViewState":{"showFog":true,"showMaterialUpdate":false,"showSkybox":false,"showFlares":true,"showImageEffects":true,"showParticleSystems":true},"in2DMode":false,"pivot":{"x":-0.0031213760375976564,"y":-1.1999998092651368,"z":-3.3000001907348635},"rotation":{"x":0.1385662704706192,"y":-0.2648693323135376,"z":0.03849140927195549,"w":0.9534999132156372},"size":40.010372161865237,"orthographic":false}