{"cameraMode":{"drawMode":0,"name":"Shaded","section":"Shading Mode"},"sceneLighting":false,"audioPlay":false,"sceneViewState":{"showFog":true,"showMaterialUpdate":false,"showSkybox":false,"showFlares":true,"showImageEffects":true,"showParticleSystems":true},"in2DMode":false,"pivot":{"x":-0.010540425777435303,"y":-0.15779119729995728,"z":0.07968258857727051},"rotation":{"x":-0.0745653286576271,"y":0.9130597710609436,"z":-0.19403734803199769,"w":-0.3508723974227905},"size":0.7173416018486023,"orthographic":false}