{"cameraMode":{"drawMode":0,"name":"Shaded","section":"Shading Mode"},"sceneLighting":false,"audioPlay":false,"sceneViewState":{"showFog":true,"showMaterialUpdate":false,"showSkybox":false,"showFlares":true,"showImageEffects":true,"showParticleSystems":true},"in2DMode":false,"pivot":{"x":-0.4590517282485962,"y":-0.3741498589515686,"z":-0.5525442361831665},"rotation":{"x":-0.009899748489260674,"y":0.9888010621070862,"z":-0.07668469846248627,"w":-0.1276477426290512},"size":5.024960994720459,"orthographic":false}