{"cameraMode":{"drawMode":0,"name":"Shaded","section":"Shading Mode"},"sceneLighting":false,"audioPlay":false,"sceneViewState":{"showFog":true,"showMaterialUpdate":false,"showSkybox":false,"showFlares":true,"showImageEffects":true,"showParticleSystems":true},"in2DMode":false,"pivot":{"x":71.7837905883789,"y":0.3059374690055847,"z":-2.9877374172210695},"rotation":{"x":0.2463546097278595,"y":-0.10761992633342743,"z":0.027537351474165918,"w":0.9627923369407654},"size":8.085249900817871,"orthographic":false}