{"cameraMode":{"drawMode":0,"name":"Shaded","section":"Shading Mode"},"sceneLighting":true,"audioPlay":false,"sceneViewState":{"showFog":true,"showMaterialUpdate":true,"showSkybox":true,"showFlares":true,"showImageEffects":true,"showParticleSystems":true},"in2DMode":false,"pivot":{"x":5.983694076538086,"y":12.015060424804688,"z":-6.104545593261719},"rotation":{"x":0.009808603674173355,"y":0.9791868329048157,"z":-0.04881316423416138,"w":0.1967593878507614},"size":26.711624145507814,"orthographic":false}