{"cameraMode":{"drawMode":0,"name":"Shaded","section":"Shading Mode"},"sceneLighting":true,"audioPlay":false,"sceneViewState":{"showFog":true,"showMaterialUpdate":false,"showSkybox":true,"showFlares":true,"showImageEffects":true,"showParticleSystems":true},"in2DMode":false,"pivot":{"x":68.37545776367188,"y":76.73783874511719,"z":258.0796203613281},"rotation":{"x":-0.03402534872293472,"y":-0.7291495203971863,"z":0.03634890913963318,"w":-0.6825408935546875},"size":422.9382629394531,"orthographic":false}